¹,E,U,Y
0,3,1.8,0.48
1,3.52,0.912,0.2352
2,3.7648,1.15088,0.185648
3,3.81435,1.43469,0.199164
4,3.80084,1.78324,0.238073
5,3.76193,2.14674,0.286096
6,3.7139,2.51357,0.337186
7,3.66281,2.87832,0.388988
8,3.61101,3.23906,0.440603
9,3.5594,3.5951,0.49169
10,3.50831,3.94619,0.542126
11,3.45787,4.2923,0.591868
12,3.40813,4.63346,0.640907
13,3.35909,4.96973,0.689245
14,3.31076,5.30115,0.736889
15,3.26311,5.62781,0.783848
16,3.21615,5.94977,0.830131
17,3.16987,6.26709,0.875749
18,3.12425,6.57985,0.92071
19,3.07929,6.88811,0.965024
20,3.03498,7.19193,1.0087
21,2.9913,7.49138,1.05175
22,2.94825,7.78652,1.09418
23,2.90582,8.07741,1.13599
24,2.86401,8.36412,1.17721
25,2.82279,8.6467,1.21783
26,2.78217,8.92521,1.25787
27,2.74213,9.19971,1.29733
28,2.70267,9.47027,1.33623
29,2.66377,9.73693,1.37456
30,2.62544,9.99975,1.41234
31,2.58766,10.2588,1.44958
32,2.55042,10.5141,1.48629
33,2.51371,10.7657,1.52246
34,2.47754,11.0138,1.55811
35,2.44189,11.2582,1.59326
36,2.40674,11.4991,1.62789
37,2.37211,11.7366,1.66203
38,2.33797,11.9707,1.69567
39,2.30433,12.2013,1.72884
40,2.27116,12.4287,1.76152
41,2.23848,12.6528,1.79373
42,2.20627,12.8736,1.82548
43,2.17452,13.0913,1.85678
44,2.14322,13.3059,1.88762
45,2.11238,13.5173,1.91802
46,2.08198,13.7258,1.94798
47,2.05202,13.9312,1.97751
48,2.02249,14.1336,2.00662
49,1.99338,14.3332,2.0353
50,1.9647,14.5299,2.06358
51,1.93642,14.7237,2.09145
52,1.90855,14.9148,2.11891
53,1.88109,15.1031,2.14598
54,1.85402,15.2887,2.17266
55,1.82734,15.4716,2.19896
56,1.80104,15.6519,2.22488
57,1.77512,15.8296,2.25043
58,1.74957,16.0048,2.2756
59,1.7244,16.1774,2.30042
60,1.69958,16.3475,2.32488
61,1.67512,16.5152,2.34898
62,1.65102,16.6805,2.37274
63,1.62726,16.8434,2.39616
64,1.60384,17.0039,2.41924
65,1.58076,17.1622,2.44199
66,1.55801,17.3182,2.46441
67,1.53559,17.4719,2.48651
68,1.51349,17.6234,2.50829
69,1.49171,17.7727,2.52976
70,1.47024,17.9199,2.55092
71,1.44908,18.065,2.57177
72,1.42823,18.2079,2.59232
73,1.40768,18.3489,2.61258
74,1.38742,18.4877,2.63255
75,1.36745,18.6246,2.65223
76,1.34777,18.7596,2.67162
77,1.32838,18.8925,2.69074
78,1.30926,19.0236,2.70958
79,1.29042,19.1528,2.72815
80,1.27185,19.2801,2.74646
81,1.25354,19.4056,2.7645
82,1.2355,19.5293,2.78228
83,1.21772,19.6512,2.7998
84,1.2002,19.7713,2.81707
85,1.18293,19.8897,2.8341
86,1.1659,20.0065,2.85087
87,1.14913,20.1215,2.86741
88,1.13259,20.2349,2.88371
89,1.11629,20.3466,2.89977
90,1.10023,20.4568,2.91561
91,1.08439,20.5653,2.93121
92,1.06879,20.6723,2.94659
93,1.05341,20.7778,2.96175
94,1.03825,20.8817,2.9767
95,1.0233,20.9841,2.99142
96,1.00858,21.0851,3.00594
97,0.994064,21.1846,3.02024
98,0.979758,21.2827,3.03434
99,0.965659,21.3794,3.04824
100,0.951762,21.4746,3.06193
101,0.938065,21.5685,3.07543
102,0.924565,21.6611,3.08874
103,0.91126,21.7523,3.10185
104,0.898146,21.8422,3.11478
105,0.885221,21.9308,3.12752
106,0.872482,22.0182,3.14007
107,0.859926,22.1043,3.15245
108,0.84755,22.1891,3.16465
109,0.835353,22.2727,3.17667
110,0.823332,22.3552,3.18852
111,0.811483,22.4364,3.20019
112,0.799805,22.5165,3.2117
113,0.788295,22.5954,3.22305
114,0.776951,22.6732,3.23423
115,0.76577,22.7498,3.24525
116,0.75475,22.8254,3.25611
117,0.743888,22.8998,3.26682
118,0.733183,22.9732,3.27737
119,0.722631,23.0456,3.28777
120,0.712232,23.1169,3.29802
121,0.701982,23.1871,3.30812
122,0.69188,23.2564,3.31808
123,0.681923,23.3247,3.32789
124,0.67211,23.392,3.33756
125,0.662437,23.4583,3.3471
126,0.652904,23.5236,3.35649
127,0.643508,23.588,3.36575
128,0.634248,23.6515,3.37488
129,0.62512,23.7141,3.38388
130,0.616124,23.7758,3.39274
131,0.607257,23.8366,3.40148
132,0.598518,23.8965,3.41009
133,0.589905,23.9556,3.41858
134,0.581416,24.0138,3.42695
135,0.573049,24.0711,3.4352
136,0.564802,24.1277,3.44333
137,0.556674,24.1834,3.45134
138,0.548663,24.2383,3.45923
139,0.540767,24.2925,3.46702
140,0.532985,24.3458,3.47469
141,0.525315,24.3984,3.48225
142,0.517755,24.4502,3.4897
143,0.510304,24.5013,3.49704
144,0.50296,24.5517,3.50428
145,0.495722,24.6013,3.51141
146,0.488588,24.6502,3.51844
147,0.481557,24.6984,3.52537
148,0.474627,24.7459,3.5322
149,0.467796,24.7927,3.53894
150,0.461064,24.8389,3.54557
151,0.454429,24.8844,3.55211
152,0.447889,24.9292,3.55856
153,0.441444,24.9734,3.56491
154,0.435091,25.017,3.57117
155,0.428829,25.0599,3.57734
156,0.422658,25.1022,3.58342
157,0.416576,25.1439,3.58942
158,0.410581,25.185,3.59533
159,0.404672,25.2255,3.60115
160,0.398849,25.2655,3.60689
161,0.393109,25.3048,3.61255
162,0.387451,25.3436,3.61812
163,0.381876,25.3818,3.62362
164,0.37638,25.4195,3.62904
165,0.370964,25.4566,3.63437
166,0.365625,25.4932,3.63964
167,0.360363,25.5293,3.64482
168,0.355177,25.5649,3.64993
169,0.350066,25.5999,3.65497
170,0.345028,25.6345,3.65994
171,0.340063,25.6685,3.66483
172,0.335169,25.702,3.66965
173,0.330346,25.7351,3.67441
174,0.325592,25.7677,3.67909
175,0.320906,25.7998,3.68371
176,0.316288,25.8315,3.68826
177,0.311736,25.8627,3.69275
178,0.30725,25.8935,3.69717
179,0.302828,25.9238,3.70153
180,0.29847,25.9537,3.70582
181,0.294175,25.9831,3.71006
182,0.289942,26.0121,3.71423
183,0.285769,26.0407,3.71834
184,0.281657,26.0689,3.7224
185,0.277603,26.0967,3.72639
186,0.273608,26.1241,3.73033
187,0.269671,26.1511,3.73421
188,0.26579,26.1777,3.73803
189,0.261965,26.2039,3.74181
190,0.258195,26.2298,3.74552
191,0.254479,26.2553,3.74918
192,0.250817,26.2804,3.75279
193,0.247208,26.3051,3.75635
194,0.24365,26.3295,3.75986
195,0.240144,26.3536,3.76331
196,0.236688,26.3772,3.76672
197,0.233282,26.4006,3.77008
198,0.229924,26.4236,3.77338
199,0.226616,26.4463,3.77665
200,0.223354,26.4687,3.77986
201,0.22014,26.4907,3.78303
202,0.216972,26.5124,3.78615
203,0.21385,26.5338,3.78923
204,0.210772,26.5549,3.79226
205,0.207739,26.5757,3.79525
206,0.204749,26.5962,3.7982
207,0.201803,26.6164,3.8011
208,0.198899,26.6363,3.80396
209,0.196036,26.656,3.80678
210,0.193215,26.6753,3.80957
211,0.190434,26.6944,3.81231
212,0.187694,26.7132,3.81501
213,0.184993,26.7317,3.81767
214,0.182331,26.7499,3.82029
215,0.179707,26.7679,3.82288
216,0.177121,26.7856,3.82543
217,0.174572,26.8031,3.82794
218,0.172059,26.8203,3.83042
219,0.169583,26.8373,3.83286
220,0.167143,26.8541,3.83526
221,0.164737,26.8705,3.83763
222,0.162367,26.8868,3.83997
223,0.16003,26.9028,3.84227
224,0.157727,26.9186,3.84454
225,0.155457,26.9342,3.84678
226,0.15322,26.9495,3.84898
227,0.151015,26.9646,3.85116
228,0.148842,26.9795,3.8533
229,0.1467,26.9942,3.85541
230,0.144589,27.0087,3.85749
231,0.142508,27.023,3.85954
232,0.140457,27.037,3.86156
233,0.138436,27.0509,3.86356
234,0.136444,27.0645,3.86552
235,0.13448,27.078,3.86746
236,0.132545,27.0913,3.86936
237,0.130637,27.1043,3.87124
238,0.128757,27.1172,3.8731
239,0.126904,27.1299,3.87492
240,0.125078,27.1425,3.87672
241,0.123278,27.1548,3.8785
242,0.121504,27.167,3.88024
243,0.119755,27.1789,3.88197
244,0.118032,27.1908,3.88367
245,0.116333,27.2024,3.88534
246,0.114659,27.2139,3.88699
247,0.113009,27.2252,3.88862
248,0.111383,27.2363,3.89022
249,0.10978,27.2473,3.8918
250,0.1082,27.2582,3.89336
251,0.106643,27.2688,3.89489
252,0.105108,27.2794,3.8964
253,0.103596,27.2897,3.8979
254,0.102105,27.3,3.89936
255,0.100636,27.31,3.90081
256,0.0991871,27.32,3.90224
257,0.0977597,27.3297,3.90365
258,0.0963528,27.3394,3.90503
259,0.0949664,27.3489,3.9064
260,0.0935996,27.3583,3.90775
261,0.0922527,27.3675,3.90908
262,0.090925,27.3766,3.91038
263,0.0896165,27.3856,3.91167
264,0.0883269,27.3944,3.91294
265,0.0870557,27.4031,3.9142
266,0.085803,27.4117,3.91543
267,0.0845683,27.4202,3.91665
268,0.0833511,27.4285,3.91785
269,0.0821517,27.4368,3.91903
270,0.0809693,27.4449,3.9202
271,0.0798042,27.4529,3.92134
272,0.0786557,27.4607,3.92248
273,0.0775237,27.4685,3.92359
274,0.0764081,27.4761,3.92469
275,0.0753086,27.4837,3.92578
276,0.0742247,27.4911,3.92684
277,0.0731566,27.4984,3.9279
278,0.0721037,27.5056,3.92893
279,0.0710661,27.5128,3.92996
280,0.0700433,27.5198,3.93096
281,0.0690355,27.5267,3.93196
282,0.068042,27.5335,3.93294
283,0.0670629,27.5402,3.9339
284,0.0660977,27.5468,3.93485
285,0.0651464,27.5533,3.93579
286,0.064209,27.5598,3.93672
287,0.0632849,27.5661,3.93763
288,0.0623741,27.5724,3.93852
289,0.0614765,27.5785,3.93941
290,0.0605919,27.5846,3.94028
291,0.0597198,27.5906,3.94114
292,0.0588605,27.5964,3.94199
293,0.0580134,27.6023,3.94282
294,0.0571785,27.608,3.94364
295,0.0563557,27.6136,3.94446
296,0.0555446,27.6192,3.94525
297,0.0547452,27.6247,3.94604
298,0.0539575,27.6301,3.94682
299,0.0531809,27.6354,3.94758
300,0.0524156,27.6406,3.94834
301,0.0516613,27.6458,3.94908
302,0.0509179,27.6509,3.94981
303,0.0501852,27.6559,3.95054
304,0.0494628,27.6609,3.95125
305,0.0487511,27.6658,3.95195
306,0.0480494,27.6706,3.95264
307,0.047358,27.6753,3.95332
308,0.0466764,27.68,3.954
309,0.0460048,27.6846,3.95466
310,0.0453427,27.6891,3.95531
311,0.0446901,27.6936,3.95595
312,0.0440471,27.698,3.95659
313,0.0434132,27.7024,3.95721
314,0.0427885,27.7066,3.95783
315,0.0421727,27.7109,3.95843
316,0.0415657,27.715,3.95903
317,0.0409675,27.7191,3.95962
318,0.0403781,27.7232,3.9602
319,0.0397968,27.7271,3.96078
320,0.0392241,27.7311,3.96134
321,0.0386598,27.7349,3.9619
322,0.0381033,27.7388,3.96245
323,0.037555,27.7425,3.96299
324,0.0370145,27.7462,3.96352
325,0.0364819,27.7499,3.96404
326,0.0359569,27.7535,3.96456
327,0.0354395,27.757,3.96507
328,0.0349295,27.7605,3.96557
329,0.0344267,27.764,3.96607
330,0.0339313,27.7674,3.96656
331,0.033443,27.7707,3.96704
332,0.0329616,27.774,3.96751
333,0.0324874,27.7773,3.96798
334,0.0320199,27.7805,3.96844
335,0.031559,27.7836,3.9689
336,0.0311048,27.7867,3.96934
337,0.0306573,27.7898,3.96978
338,0.030216,27.7928,3.97022
339,0.0297813,27.7958,3.97065
340,0.0293527,27.7988,3.97107
341,0.0289302,27.8017,3.97149
342,0.0285139,27.8045,3.9719
343,0.0281036,27.8073,3.9723
344,0.027699,27.8101,3.9727
345,0.0273006,27.8128,3.97309
346,0.0269077,27.8155,3.97348
347,0.0265205,27.8182,3.97386
348,0.0261388,27.8208,3.97424
349,0.0257626,27.8234,3.97461
350,0.0253918,27.8259,3.97497
351,0.0250263,27.8284,3.97533
352,0.0246663,27.8309,3.97569
353,0.0243113,27.8333,3.97604
354,0.0239613,27.8357,3.97638
355,0.0236166,27.8381,3.97672
356,0.0232768,27.8404,3.97706
357,0.0229418,27.8427,3.97739
358,0.0226116,27.845,3.97771
359,0.0222862,27.8472,3.97803
360,0.0219655,27.8494,3.97835
361,0.0216494,27.8516,3.97866
362,0.0213377,27.8537,3.97897
363,0.0210307,27.8558,3.97927
364,0.0207281,27.8579,3.97957
365,0.0204298,27.8599,3.97986
366,0.0201359,27.8619,3.98015
367,0.019846,27.8639,3.98044
368,0.0195603,27.8659,3.98072
369,0.019279,27.8678,3.981
370,0.0190015,27.8697,3.98127
371,0.018728,27.8716,3.98154
372,0.0184586,27.8734,3.98181
373,0.0181928,27.8753,3.98207
374,0.017931,27.8771,3.98233
375,0.017673,27.8788,3.98258
376,0.0174186,27.8806,3.98283
377,0.017168,27.8823,3.98308
378,0.016921,27.884,3.98332
379,0.0166774,27.8857,3.98356
380,0.0164375,27.8873,3.9838
381,0.0162008,27.8889,3.98403
382,0.0159676,27.8905,3.98426
383,0.015738,27.8921,3.98449
384,0.0155115,27.8937,3.98471
385,0.0152881,27.8952,3.98493
386,0.0150683,27.8967,3.98515
387,0.0148513,27.8982,3.98536
388,0.0146377,27.8996,3.98557
389,0.0144269,27.9011,3.98578
390,0.0142193,27.9025,3.98599
391,0.0140147,27.9039,3.98619
392,0.013813,27.9053,3.98639
393,0.0136142,27.9067,3.98658
394,0.0134184,27.908,3.98677
395,0.0132253,27.9093,3.98697
396,0.0130348,27.9106,3.98715
397,0.0128474,27.9119,3.98734
398,0.0126624,27.9132,3.98752
399,0.0124803,27.9144,3.9877
400,0.0123007,27.9157,3.98788
401,0.0121236,27.9169,3.98805
402,0.0119491,27.9181,3.98822
403,0.0117772,27.9193,3.98839
404,0.0116076,27.9204,3.98856
405,0.0114405,27.9216,3.98872
406,0.011276,27.9227,3.98889
407,0.0111136,27.9238,3.98905
408,0.0109539,27.9249,3.9892
409,0.0107961,27.926,3.98936
410,0.0106409,27.927,3.98951
411,0.0104876,27.9281,3.98966
412,0.0103366,27.9291,3.98981
413,0.0101879,27.9301,3.98996
414,0.0100412,27.9312,3.9901
415,0.00989676,27.9321,3.99025
416,0.00975442,27.9331,3.99039
417,0.00961399,27.9341,3.99052
418,0.00947571,27.935,3.99066
419,0.00933933,27.936,3.9908
420,0.00920486,27.9369,3.99093
421,0.00907254,27.9378,3.99106
422,0.00894189,27.9387,3.99119
423,0.00881314,27.9396,3.99131
424,0.0086863,27.9404,3.99144
425,0.00856137,27.9413,3.99156
426,0.00843811,27.9421,3.99168
427,0.00831676,27.943,3.9918
428,0.00819707,27.9438,3.99192
429,0.00807905,27.9446,3.99204
430,0.00796294,27.9454,3.99215
431,0.00784826,27.9462,3.99226
432,0.00773525,27.947,3.99238
433,0.00762391,27.9477,3.99249
434,0.00751424,27.9485,3.99259
435,0.007406,27.9492,3.9927
436,0.00729942,27.95,3.99281
437,0.00719452,27.9507,3.99291
438,0.00709105,27.9514,3.99301
439,0.006989,27.9521,3.99311
440,0.00688839,27.9528,3.99321
441,0.00678921,27.9535,3.99331
442,0.00669146,27.9541,3.9934
443,0.00659513,27.9548,3.9935
444,0.00650024,27.9554,3.99359
445,0.00640678,27.9561,3.99369
446,0.00631452,27.9567,3.99378
447,0.00622368,27.9573,3.99387
448,0.00613403,27.9579,3.99395
449,0.00604582,27.9585,3.99404
450,0.0059588,27.9591,3.99413
451,0.00587296,27.9597,3.99421
452,0.00578856,27.9603,3.99429
453,0.00570536,27.9609,3.99438
454,0.0056231,27.9614,3.99446
455,0.00554228,27.962,3.99454
456,0.00546241,27.9625,3.99462
457,0.00538397,27.9631,3.99469
458,0.00530648,27.9636,3.99477
459,0.00522995,27.9641,3.99485
460,0.00515485,27.9647,3.99492
461,0.00508046,27.9652,3.99499
462,0.00500751,27.9657,3.99506
463,0.00493526,27.9662,3.99514
464,0.00486445,27.9666,3.99521
465,0.00479436,27.9671,3.99527
466,0.00472546,27.9676,3.99534
467,0.00465727,27.9681,3.99541
468,0.00459027,27.9685,3.99548
469,0.00452423,27.969,3.99554
470,0.00445914,27.9694,3.9956
471,0.00439501,27.9699,3.99567
472,0.00433183,27.9703,3.99573
473,0.00426936,27.9707,3.99579
474,0.00420809,27.9711,3.99585
475,0.00414729,27.9716,3.99591
476,0.00408769,27.972,3.99597
477,0.0040288,27.9724,3.99603
478,0.00397086,27.9728,3.99609
479,0.00391388,27.9732,3.99614
480,0.00385737,27.9736,3.9962
481,0.00380206,27.9739,3.99625
482,0.00374722,27.9743,3.99631
483,0.00369334,27.9747,3.99636
484,0.00364017,27.975,3.99641
485,0.00358772,27.9754,3.99646
486,0.00353622,27.9758,3.99651
487,0.0034852,27.9761,3.99656
488,0.00343513,27.9764,3.99661
489,0.00338554,27.9768,3.99666
490,0.00333691,27.9771,3.99671
491,0.00328898,27.9775,3.99676
492,0.00324154,27.9778,3.9968
493,0.00319505,27.9781,3.99685
494,0.00314903,27.9784,3.9969
495,0.00310373,27.9787,3.99694
496,0.00305891,27.979,3.99698
497,0.00301504,27.9793,3.99703
498,0.00297165,27.9796,3.99707
499,0.00292873,27.9799,3.99711
500,0.00288653,27.9802,3.99715
501,0.00284505,27.9805,3.9972
502,0.00280404,27.9808,3.99724
503,0.00276375,27.9811,3.99728
504,0.00272393,27.9813,3.99732
505,0.00268483,27.9816,3.99735
506,0.00264621,27.9819,3.99739
507,0.00260806,27.9821,3.99743
508,0.00257063,27.9824,3.99747
509,0.00253367,27.9826,3.9975
510,0.0024972,27.9829,3.99754
511,0.00246119,27.9831,3.99757
512,0.00242567,27.9834,3.99761
513,0.00239086,27.9836,3.99764
514,0.00235653,27.9838,3.99768
515,0.00232244,27.9841,3.99771
516,0.00228906,27.9843,3.99774
517,0.00225616,27.9845,3.99778
518,0.00222373,27.9848,3.99781
519,0.00219178,27.985,3.99784
520,0.00216007,27.9852,3.99787
521,0.00212908,27.9854,3.9979
522,0.00209832,27.9856,3.99793
523,0.00206828,27.9858,3.99796
524,0.00203848,27.986,3.99799
525,0.00200915,27.9862,3.99802
526,0.0019803,27.9864,3.99805
527,0.00195169,27.9866,3.99808
528,0.00192356,27.9868,3.9981
529,0.0018959,27.987,3.99813
530,0.00186872,27.9872,3.99816
531,0.00184178,27.9874,3.99818
532,0.00181532,27.9876,3.99821
533,0.00178909,27.9877,3.99824
534,0.00176334,27.9879,3.99826
535,0.00173807,27.9881,3.99829
536,0.00171304,27.9883,3.99831
537,0.00168848,27.9884,3.99834
538,0.00166416,27.9886,3.99836
539,0.00164008,27.9888,3.99838
540,0.00161648,27.9889,3.99841
541,0.00159335,27.9891,3.99843
542,0.00157022,27.9892,3.99845
543,0.00154781,27.9894,3.99847
544,0.0015254,27.9895,3.9985
545,0.00150347,27.9897,3.99852
546,0.00148177,27.9898,3.99854
547,0.00146055,27.99,3.99856
548,0.00143957,27.9901,3.99858
549,0.00141883,27.9903,3.9986
550,0.00139832,27.9904,3.99862
551,0.0013783,27.9905,3.99864
552,0.00135851,27.9907,3.99866
553,0.00133896,27.9908,3.99868
554,0.00131965,27.991,3.9987
555,0.00130057,27.9911,3.99872
556,0.00128198,27.9912,3.99874
557,0.00126338,27.9913,3.99875
558,0.00124526,27.9915,3.99877
559,0.00122738,27.9916,3.99879
560,0.00120974,27.9917,3.99881
561,0.00119233,27.9918,3.99882
562,0.00117517,27.9919,3.99884
563,0.00115824,27.9921,3.99886
564,0.00114155,27.9922,3.99887
565,0.0011251,27.9923,3.99889
566,0.00110888,27.9924,3.99891
567,0.00109291,27.9925,3.99892
568,0.00107718,27.9926,3.99894
569,0.00106168,27.9927,3.99895
570,0.00104642,27.9928,3.99897
571,0.0010314,27.9929,3.99898
572,0.00101662,27.993,3.999
573,0.00100183,27.9931,3.99901
574,0.00098753,27.9932,3.99903
575,0.000973225,27.9933,3.99904
576,0.000959396,27.9934,3.99905
577,0.000945568,27.9935,3.99907
578,0.000931978,27.9936,3.99908
579,0.000918388,27.9937,3.99909
580,0.000905275,27.9938,3.99911
581,0.000892162,27.9939,3.99912
582,0.000879288,27.994,3.99913
583,0.000866652,27.9941,3.99915
584,0.000854254,27.9941,3.99916
585,0.000841856,27.9942,3.99917
586,0.000829935,27.9943,3.99918
587,0.000817776,27.9944,3.99919
588,0.000806093,27.9945,3.99921
589,0.000794411,27.9946,3.99922
590,0.000783205,27.9946,3.99923
591,0.000771761,27.9947,3.99924
592,0.000760794,27.9948,3.99925
593,0.000749826,27.9949,3.99926
594,0.000739098,27.9949,3.99927
595,0.000728369,27.995,3.99928
596,0.000717878,27.9951,3.99929
597,0.000707626,27.9951,3.9993
598,0.000697374,27.9952,3.99931
599,0.000687361,27.9953,3.99932
600,0.000677347,27.9954,3.99933
601,0.000667572,27.9954,3.99934
602,0.000658035,27.9955,3.99935
603,0.000648499,27.9956,3.99936
604,0.0006392,27.9956,3.99937
605,0.00063014,27.9957,3.99938
606,0.00062108,27.9957,3.99939
607,0.00061202,27.9958,3.9994
608,0.000603199,27.9959,3.99941
609,0.000594616,27.9959,3.99941
610,0.000586033,27.996,3.99942
611,0.000577688,27.996,3.99943
612,0.000569344,27.9961,3.99944
613,0.000560999,27.9962,3.99945
614,0.000552893,27.9962,3.99945
615,0.000545025,27.9963,3.99946
616,0.000537157,27.9963,3.99947
617,0.000529528,27.9964,3.99948
618,0.000521898,27.9964,3.99949
619,0.000514269,27.9965,3.99949
620,0.000506878,27.9965,3.9995
621,0.000499725,27.9966,3.99951
622,0.000492334,27.9966,3.99951
623,0.00048542,27.9967,3.99952
624,0.000478268,27.9967,3.99953
625,0.000471592,27.9968,3.99954
626,0.000464678,27.9968,3.99954
627,0.000458002,27.9969,3.99955
628,0.000451326,27.9969,3.99956
629,0.000444889,27.9969,3.99956
630,0.000438452,27.997,3.99957
631,0.000432253,27.997,3.99957
632,0.000426054,27.9971,3.99958
633,0.000419855,27.9971,3.99959
634,0.000413895,27.9972,3.99959
635,0.000407934,27.9972,3.9996
636,0.000401974,27.9972,3.9996
637,0.000396252,27.9973,3.99961
638,0.00039053,27.9973,3.99962
639,0.000384808,27.9974,3.99962
640,0.000379324,27.9974,3.99963
641,0.00037384,27.9974,3.99963
642,0.000368595,27.9975,3.99964
643,0.000363111,27.9975,3.99964
644,0.000358105,27.9975,3.99965
645,0.000352859,27.9976,3.99965
646,0.000347853,27.9976,3.99966
647,0.000342846,27.9976,3.99966
648,0.000337839,27.9977,3.99967
649,0.000333071,27.9977,3.99967
650,0.000328064,27.9977,3.99968
651,0.000323534,27.9978,3.99968
652,0.000318766,27.9978,3.99969
653,0.000314236,27.9978,3.99969
654,0.000309706,27.9979,3.99969
655,0.000305176,27.9979,3.9997
656,0.000300884,27.9979,3.9997
657,0.000296593,27.998,3.99971
658,0.000292301,27.998,3.99971
659,0.00028801,27.998,3.99972
660,0.000283957,27.9981,3.99972
661,0.000279903,27.9981,3.99972
662,0.00027585,27.9981,3.99973
663,0.000271797,27.9981,3.99973
664,0.000267982,27.9982,3.99974
665,0.000263929,27.9982,3.99974
666,0.000260353,27.9982,3.99974
667,0.000256538,27.9982,3.99975
668,0.000252724,27.9983,3.99975
669,0.000249147,27.9983,3.99975
670,0.000245571,27.9983,3.99976
671,0.000241995,27.9983,3.99976
672,0.000238657,27.9984,3.99976
673,0.000235081,27.9984,3.99977
674,0.000231743,27.9984,3.99977
675,0.000228405,27.9984,3.99977
676,0.000225067,27.9985,3.99978
677,0.000221968,27.9985,3.99978
678,0.00021863,27.9985,3.99978
679,0.00021553,27.9985,3.99979
680,0.000212431,27.9985,3.99979
681,0.000209332,27.9986,3.99979
682,0.00020647,27.9986,3.9998
683,0.000203371,27.9986,3.9998
684,0.00020051,27.9986,3.9998
685,0.000197649,27.9986,3.99981
686,0.000194788,27.9987,3.99981
687,0.000191927,27.9987,3.99981
688,0.000189066,27.9987,3.99981
689,0.000186443,27.9987,3.99982
690,0.000183821,27.9987,3.99982
691,0.000181198,27.9988,3.99982
692,0.000178576,27.9988,3.99982
693,0.000175953,27.9988,3.99983
694,0.00017333,27.9988,3.99983
695,0.000170946,27.9988,3.99983
696,0.000168562,27.9988,3.99983
697,0.000165939,27.9989,3.99984
698,0.000163555,27.9989,3.99984
699,0.000161171,27.9989,3.99984
700,0.000159025,27.9989,3.99984
701,0.000156641,27.9989,3.99985
702,0.000154495,27.9989,3.99985
703,0.000152111,27.999,3.99985
704,0.000149965,27.999,3.99985
705,0.00014782,27.999,3.99985
706,0.000145674,27.999,3.99986
707,0.000143528,27.999,3.99986
708,0.000141621,27.999,3.99986
709,0.000139475,27.999,3.99986
710,0.000137568,27.9991,3.99986
711,0.000135422,27.9991,3.99987
712,0.000133514,27.9991,3.99987
713,0.000131607,27.9991,3.99987
714,0.0001297,27.9991,3.99987
715,0.000127792,27.9991,3.99987
716,0.000126123,27.9991,3.99988
717,0.000124216,27.9991,3.99988
718,0.000122547,27.9992,3.99988
719,0.00012064,27.9992,3.99988
720,0.000118971,27.9992,3.99988
721,0.000117302,27.9992,3.99988
722,0.000115633,27.9992,3.99989
723,0.000113964,27.9992,3.99989
724,0.000112295,27.9992,3.99989
725,0.000110626,27.9992,3.99989
726,0.000108957,27.9993,3.99989
727,0.000107527,27.9993,3.99989
728,0.000105858,27.9993,3.9999
729,0.000104427,27.9993,3.9999
730,0.000102997,27.9993,3.9999
731,0.000101328,27.9993,3.9999
732,9.98974e-05,27.9993,3.9999
733,9.84669e-05,27.9993,3.9999
734,9.70364e-05,27.9993,3.9999
735,9.56059e-05,27.9993,3.99991
736,9.44138e-05,27.9994,3.99991
737,9.29832e-05,27.9994,3.99991
738,9.15527e-05,27.9994,3.99991
739,9.03606e-05,27.9994,3.99991
740,8.89301e-05,27.9994,3.99991
741,8.7738e-05,27.9994,3.99991
742,8.65459e-05,27.9994,3.99991
743,8.53539e-05,27.9994,3.99992
744,8.39233e-05,27.9994,3.99992
745,8.27312e-05,27.9994,3.99992
746,8.15392e-05,27.9994,3.99992
747,8.03471e-05,27.9994,3.99992
748,7.93934e-05,27.9995,3.99992
749,7.82013e-05,27.9995,3.99992
750,7.70092e-05,27.9995,3.99992
751,7.58171e-05,27.9995,3.99993
752,7.48634e-05,27.9995,3.99993
753,7.36713e-05,27.9995,3.99993
754,7.27177e-05,27.9995,3.99993
755,7.15256e-05,27.9995,3.99993
756,7.05719e-05,27.9995,3.99993
757,6.96182e-05,27.9995,3.99993
758,6.86646e-05,27.9995,3.99993
759,6.77109e-05,27.9995,3.99993
760,6.65188e-05,27.9995,3.99993
761,6.55651e-05,27.9995,3.99994
762,6.46114e-05,27.9996,3.99994
763,6.38962e-05,27.9996,3.99994
764,6.29425e-05,27.9996,3.99994
765,6.19888e-05,27.9996,3.99994
766,6.10352e-05,27.9996,3.99994
767,6.03199e-05,27.9996,3.99994
768,5.93662e-05,27.9996,3.99994
769,5.84126e-05,27.9996,3.99994
770,5.76973e-05,27.9996,3.99994
771,5.67436e-05,27.9996,3.99994
772,5.60284e-05,27.9996,3.99994
773,5.50747e-05,27.9996,3.99995
774,5.43594e-05,27.9996,3.99995
775,5.36442e-05,27.9996,3.99995
776,5.29289e-05,27.9996,3.99995
777,5.19753e-05,27.9996,3.99995
778,5.126e-05,27.9996,3.99995
779,5.05447e-05,27.9997,3.99995
780,4.98295e-05,27.9997,3.99995
781,4.91142e-05,27.9997,3.99995
782,4.8399e-05,27.9997,3.99995
783,4.76837e-05,27.9997,3.99995
784,4.69685e-05,27.9997,3.99995
785,4.64916e-05,27.9997,3.99995
786,4.57764e-05,27.9997,3.99995
787,4.50611e-05,27.9997,3.99996
788,4.43459e-05,27.9997,3.99996
789,4.3869e-05,27.9997,3.99996
790,4.31538e-05,27.9997,3.99996
791,4.24385e-05,27.9997,3.99996
792,4.19617e-05,27.9997,3.99996
793,4.12464e-05,27.9997,3.99996
794,4.07696e-05,27.9997,3.99996
795,4.00543e-05,27.9997,3.99996
796,3.95775e-05,27.9997,3.99996
797,3.88622e-05,27.9997,3.99996
798,3.83854e-05,27.9997,3.99996
799,3.79086e-05,27.9997,3.99996
800,3.71933e-05,27.9997,3.99996
801,3.67165e-05,27.9997,3.99996
802,3.62396e-05,27.9998,3.99996
803,3.57628e-05,27.9998,3.99996
804,3.52859e-05,27.9998,3.99997
805,3.48091e-05,27.9998,3.99997
806,3.40939e-05,27.9998,3.99997
807,3.3617e-05,27.9998,3.99997
808,3.31402e-05,27.9998,3.99997
809,3.26633e-05,27.9998,3.99997
810,3.21865e-05,27.9998,3.99997
811,3.17097e-05,27.9998,3.99997
812,3.14713e-05,27.9998,3.99997
813,3.09944e-05,27.9998,3.99997
814,3.05176e-05,27.9998,3.99997
815,3.00407e-05,27.9998,3.99997
816,2.95639e-05,27.9998,3.99997
817,2.90871e-05,27.9998,3.99997
818,2.88486e-05,27.9998,3.99997
819,2.83718e-05,27.9998,3.99997
820,2.7895e-05,27.9998,3.99997
821,2.74181e-05,27.9998,3.99997
822,2.71797e-05,27.9998,3.99997
823,2.67029e-05,27.9998,3.99997
824,2.64645e-05,27.9998,3.99997
825,2.59876e-05,27.9998,3.99997
826,2.55108e-05,27.9998,3.99997
827,2.52724e-05,27.9998,3.99998
828,2.47955e-05,27.9998,3.99998
829,2.45571e-05,27.9998,3.99998
830,2.40803e-05,27.9998,3.99998
831,2.38419e-05,27.9998,3.99998
832,2.3365e-05,27.9998,3.99998
833,2.31266e-05,27.9998,3.99998
834,2.28882e-05,27.9998,3.99998
835,2.24113e-05,27.9998,3.99998
836,2.21729e-05,27.9998,3.99998
837,2.19345e-05,27.9998,3.99998
838,2.14577e-05,27.9999,3.99998
839,2.12193e-05,27.9999,3.99998
840,2.09808e-05,27.9999,3.99998
841,2.0504e-05,27.9999,3.99998
842,2.02656e-05,27.9999,3.99998
843,2.00272e-05,27.9999,3.99998
844,1.97887e-05,27.9999,3.99998
845,1.95503e-05,27.9999,3.99998
846,1.90735e-05,27.9999,3.99998
847,1.88351e-05,27.9999,3.99998
848,1.85966e-05,27.9999,3.99998
849,1.83582e-05,27.9999,3.99998
850,1.81198e-05,27.9999,3.99998
851,1.78814e-05,27.9999,3.99998
852,1.7643e-05,27.9999,3.99998
853,1.74046e-05,27.9999,3.99998
854,1.71661e-05,27.9999,3.99998
855,1.66893e-05,27.9999,3.99998
856,1.66893e-05,27.9999,3.99998
857,1.62125e-05,27.9999,3.99998
858,1.62125e-05,27.9999,3.99998
859,1.57356e-05,27.9999,3.99998
860,1.57356e-05,27.9999,3.99998
861,1.54972e-05,27.9999,3.99998
862,1.52588e-05,27.9999,3.99998
863,1.50204e-05,27.9999,3.99999
864,1.4782e-05,27.9999,3.99999
865,1.45435e-05,27.9999,3.99999
866,1.43051e-05,27.9999,3.99999
867,1.40667e-05,27.9999,3.99999
868,1.38283e-05,27.9999,3.99999
869,1.38283e-05,27.9999,3.99999
870,1.35899e-05,27.9999,3.99999
871,1.33514e-05,27.9999,3.99999
872,1.3113e-05,27.9999,3.99999
873,1.28746e-05,27.9999,3.99999
874,1.28746e-05,27.9999,3.99999
875,1.26362e-05,27.9999,3.99999
876,1.23978e-05,27.9999,3.99999
877,1.21593e-05,27.9999,3.99999
878,1.21593e-05,27.9999,3.99999
879,1.19209e-05,27.9999,3.99999
880,1.16825e-05,27.9999,3.99999
881,1.14441e-05,27.9999,3.99999
882,1.14441e-05,27.9999,3.99999
883,1.12057e-05,27.9999,3.99999
884,1.09673e-05,27.9999,3.99999
885,1.09673e-05,27.9999,3.99999
886,1.07288e-05,27.9999,3.99999
887,1.04904e-05,27.9999,3.99999
888,1.04904e-05,27.9999,3.99999
889,1.0252e-05,27.9999,3.99999
890,1.00136e-05,27.9999,3.99999
891,1.00136e-05,27.9999,3.99999
892,9.77516e-06,27.9999,3.99999
893,9.77516e-06,27.9999,3.99999
894,9.53674e-06,27.9999,3.99999
895,9.29832e-06,27.9999,3.99999
896,9.29832e-06,27.9999,3.99999
897,9.05991e-06,27.9999,3.99999
898,9.05991e-06,27.9999,3.99999
899,8.82149e-06,27.9999,3.99999
900,8.82149e-06,27.9999,3.99999
901,8.58307e-06,27.9999,3.99999
902,8.58307e-06,27.9999,3.99999
903,8.34465e-06,27.9999,3.99999
904,8.34465e-06,27.9999,3.99999
905,8.10623e-06,27.9999,3.99999
906,8.10623e-06,27.9999,3.99999
907,7.86781e-06,27.9999,3.99999
908,7.86781e-06,27.9999,3.99999
909,7.62939e-06,27.9999,3.99999
910,7.62939e-06,27.9999,3.99999
911,7.39098e-06,27.9999,3.99999
912,7.39098e-06,27.9999,3.99999
913,7.15256e-06,27.9999,3.99999
914,7.15256e-06,28,3.99999
915,7.15256e-06,28,3.99999
916,6.91414e-06,28,3.99999
917,6.91414e-06,28,3.99999
918,6.67572e-06,28,3.99999
919,6.67572e-06,28,3.99999
920,6.4373e-06,28,3.99999
921,6.4373e-06,28,3.99999
922,6.4373e-06,28,3.99999
923,6.19888e-06,28,3.99999
924,6.19888e-06,28,3.99999
925,6.19888e-06,28,3.99999
926,5.96046e-06,28,3.99999
927,5.96046e-06,28,3.99999
928,5.72205e-06,28,3.99999
929,5.72205e-06,28,3.99999
930,5.72205e-06,28,3.99999
931,5.48363e-06,28,3.99999
932,5.48363e-06,28,3.99999
933,5.48363e-06,28,3.99999
934,5.24521e-06,28,3.99999
935,5.24521e-06,28,3.99999
936,5.24521e-06,28,3.99999
937,5.00679e-06,28,3.99999
938,5.00679e-06,28,3.99999
939,5.00679e-06,28,3.99999
940,5.00679e-06,28,4
941,4.76837e-06,28,4
942,4.76837e-06,28,4
943,4.76837e-06,28,4
944,4.52995e-06,28,4
945,4.52995e-06,28,4
946,4.52995e-06,28,4
947,4.52995e-06,28,4
948,4.29153e-06,28,4
949,4.29153e-06,28,4
950,4.29153e-06,28,4
951,4.29153e-06,28,4
952,4.05312e-06,28,4
953,4.05312e-06,28,4
954,4.05312e-06,28,4
955,4.05312e-06,28,4
956,3.8147e-06,28,4
957,3.8147e-06,28,4
958,3.8147e-06,28,4
959,3.8147e-06,28,4
960,3.57628e-06,28,4
961,3.57628e-06,28,4
962,3.57628e-06,28,4
963,3.57628e-06,28,4
964,3.33786e-06,28,4
965,3.33786e-06,28,4
966,3.33786e-06,28,4
967,3.33786e-06,28,4
968,3.33786e-06,28,4
969,3.09944e-06,28,4
970,3.09944e-06,28,4
971,3.09944e-06,28,4
972,3.09944e-06,28,4
973,3.09944e-06,28,4
974,3.09944e-06,28,4
975,2.86102e-06,28,4
976,2.86102e-06,28,4
977,2.86102e-06,28,4
978,2.86102e-06,28,4
979,2.86102e-06,28,4
980,2.6226e-06,28,4
981,2.6226e-06,28,4
982,2.6226e-06,28,4
983,2.6226e-06,28,4
984,2.6226e-06,28,4
985,2.6226e-06,28,4
986,2.6226e-06,28,4
987,2.38419e-06,28,4
988,2.38419e-06,28,4
989,2.38419e-06,28,4
990,2.38419e-06,28,4
991,2.38419e-06,28,4
992,2.38419e-06,28,4
993,2.38419e-06,28,4
994,2.14577e-06,28,4
995,2.14577e-06,28,4
996,2.14577e-06,28,4
997,2.14577e-06,28,4
998,2.14577e-06,28,4
999,2.14577e-06,28,4





¹,E,U,Y
0,3,1.8,0.48
1,3.52,0.912,0.232585
2,3.76742,1.15245,0.241053
3,3.75895,1.4004,0.298323
4,3.70168,1.74617,0.356855
5,3.64315,2.10985,0.407608
6,3.59239,2.47298,0.442665
7,3.55733,2.83656,0.461831
8,3.53817,3.19833,0.468819
9,3.53118,3.55753,0.4694
10,3.5306,3.9138,0.469815
11,3.53018,4.2669,0.475829
12,3.52417,4.61651,0.492088
13,3.50791,4.96218,0.521663
14,3.47834,5.30336,0.565723
15,3.43428,5.63954,0.623418
16,3.37658,5.97039,0.692048
17,3.30795,6.29571,0.767548
18,3.23245,6.61552,0.845176
19,3.15482,6.92994,0.920259
20,3.07974,7.23919,0.988824
21,3.01118,7.54356,1.04801
22,2.95199,7.84346,1.09619
23,2.90381,8.13933,1.13295
24,2.86705,8.43175,1.15885
25,2.84115,8.7213,1.1752
26,2.8248,9.00856,1.18381
27,2.81619,9.29404,1.18687
28,2.81313,9.57813,1.18677
29,2.81323,9.86103,1.18599
30,2.81401,10.1428,1.18698
31,2.81302,10.4232,1.19197
32,2.80803,10.702,1.20284
33,2.79716,10.9788,1.22093
34,2.77907,11.2531,1.24692
35,2.75308,11.5244,1.28075
36,2.71925,11.7924,1.32165
37,2.67835,12.0567,1.36824
38,2.63176,12.3171,1.41872
39,2.58128,12.5732,1.47106
40,2.52894,12.8252,1.52325
41,2.47675,13.073,1.57347
42,2.42653,13.3166,1.62019
43,2.37981,13.5563,1.66229
44,2.33771,13.7924,1.69903
45,2.30097,14.0252,1.73002
46,2.26998,14.2551,1.75522
47,2.24478,14.4824,1.77482
48,2.22518,14.7078,1.78924
49,2.21076,14.9314,1.79907
50,2.20093,15.1538,1.80505
51,2.19495,15.3752,1.80799
52,2.19201,15.5959,1.80884
53,2.19116,15.8161,1.80856
54,2.19144,16.0358,1.80817
55,2.19183,16.2551,1.80867
56,2.19133,16.4737,1.81101
57,2.18899,16.6917,1.81604
58,2.18396,16.9088,1.82446
59,2.17554,17.1246,1.83677
60,2.16323,17.339,1.85325
61,2.14675,17.5516,1.87395
62,2.12605,17.7621,1.89864
63,2.10136,17.9702,1.9269
64,2.0731,18.1758,1.95813
65,2.04187,18.3785,1.9916
66,2.0084,18.5782,2.02648
67,1.97352,18.7748,2.06198
68,1.93802,18.9683,2.0973
69,1.9027,19.1587,2.13173
70,1.86827,19.346,2.16467
71,1.83533,19.5302,2.19562
72,1.80438,19.7117,2.22421
73,1.77579,19.8904,2.25015
74,1.74985,20.0667,2.27329
75,1.72671,20.2408,2.29356
76,1.70644,20.4129,2.31096
77,1.68904,20.5832,2.32557
78,1.67443,20.7521,2.3375
79,1.6625,20.9197,2.34694
80,1.65306,21.0862,2.3541
81,1.6459,21.2519,2.35925
82,1.64075,21.417,2.36267
83,1.63733,21.5816,2.36467
84,1.63533,21.7459,2.36558
85,1.63442,21.9098,2.36578
86,1.63422,22.0736,2.36562
87,1.63438,22.2372,2.36548
88,1.63452,22.4007,2.36574
89,1.63426,22.5639,2.36674
90,1.63326,22.7269,2.36884
91,1.63116,22.8894,2.37234
92,1.62766,23.0515,2.37748
93,1.62252,23.2129,2.38449
94,1.61551,23.3735,2.39349
95,1.60651,23.5332,2.40456
96,1.59544,23.6917,2.4177
97,1.5823,23.8489,2.43285
98,1.56715,24.0046,2.44988
99,1.55012,24.1587,2.46859
100,1.53141,24.311,2.48877
101,1.51123,24.4614,2.51014
102,1.48986,24.6098,2.53241
103,1.46759,24.7561,2.55531
104,1.44469,24.9002,2.57852
105,1.42148,25.0422,2.60178
106,1.39822,25.182,2.62482
107,1.37518,25.3196,2.64741
108,1.35259,25.4551,2.66935
109,1.33065,25.5885,2.69046
110,1.30954,25.7199,2.7106
111,1.2894,25.8493,2.72965
112,1.27035,25.9769,2.74753
113,1.25247,26.1027,2.76417
114,1.23583,26.2269,2.77954
115,1.22046,26.3496,2.79361
116,1.20639,26.4709,2.80639
117,1.19361,26.5909,2.81789
118,1.18211,26.7098,2.82812
119,1.17188,26.8276,2.83714
120,1.16286,26.9445,2.84499
121,1.15501,27.0606,2.85173
122,1.14827,27.1759,2.85741
123,1.14259,27.2907,2.86211
124,1.13789,27.405,2.86591
125,1.13409,27.5189,2.86888
126,1.13112,27.6324,2.87112
127,1.12888,27.7456,2.87273
128,1.12727,27.8587,2.87379
129,1.12621,27.9716,2.87442
130,1.12558,28.0844,2.87471
131,1.12529,28.1971,2.87477
132,1.12523,28.3097,2.87473
133,1.12527,28.4223,2.87468
134,1.12532,28.5348,2.87474
135,1.12526,28.6473,2.87502
136,1.12498,28.7597,2.87562
137,1.12438,28.8719,2.87666
138,1.12334,28.9841,2.87822
139,1.12178,29.096,2.88038
140,1.11962,29.2076,2.88324
141,1.11676,29.319,2.88685
142,1.11315,29.4299,2.89126
143,1.10874,29.5404,2.89652
144,1.10348,29.6503,2.90265
145,1.09735,29.7596,2.90966
146,1.09034,29.8682,2.91754
147,1.08246,29.976,2.92628
148,1.07372,30.0829,2.93583
149,1.06417,30.189,2.94615
150,1.05385,30.294,2.95719
151,1.04281,30.3979,2.96887
152,1.03113,30.5007,2.98112
153,1.01888,30.6023,2.99387
154,1.00613,30.7026,3.00704
155,0.992965,30.8017,3.02052
156,0.979478,30.8995,3.03425
157,0.965749,30.996,3.04814
158,0.95186,31.0911,3.06211
159,0.937891,31.1848,3.07608
160,0.923918,31.2772,3.08999
161,0.910011,31.3682,3.10377
162,0.896234,31.4579,3.11735
163,0.882647,31.5463,3.1307
164,0.869302,31.6333,3.14375
165,0.856246,31.7191,3.15648
166,0.843518,31.8036,3.16884
167,0.831156,31.8869,3.18081
168,0.819185,31.969,3.19237
169,0.807631,32.05,3.20349
170,0.796512,32.1299,3.21416
171,0.785843,32.2087,3.22437
172,0.775634,32.2865,3.23411
173,0.765893,32.3633,3.24338
174,0.756621,32.4392,3.25218
175,0.747822,32.5142,3.26051
176,0.739493,32.5884,3.26837
177,0.73163,32.6618,3.27577
178,0.724228,32.7345,3.28272
179,0.717279,32.8064,3.28922
180,0.710776,32.8777,3.29529
181,0.704708,32.9484,3.30093
182,0.699065,33.0185,3.30616
183,0.693836,33.0881,3.31099
184,0.689007,33.1572,3.31543
185,0.684567,33.2259,3.3195
186,0.680501,33.2941,3.3232
187,0.676796,33.362,3.32656
188,0.673437,33.4295,3.32959
189,0.67041,33.4967,3.3323
190,0.667699,33.5636,3.33471
191,0.665289,33.6303,3.33684
192,0.663164,33.6967,3.33869
193,0.661308,33.763,3.3403
194,0.659704,33.8291,3.34167
195,0.658335,33.8951,3.34282
196,0.657184,33.9609,3.34377
197,0.656233,34.0266,3.34454
198,0.655465,34.0923,3.34514
199,0.65486,34.1578,3.3456
200,0.654402,34.2233,3.34593
201,0.654069,34.2888,3.34616
202,0.653843,34.3542,3.3463
203,0.653705,34.4197,3.34637
204,0.653634,34.4851,3.34639
205,0.653611,34.5504,3.34638
206,0.653615,34.6158,3.34637
207,0.653627,34.6812,3.34637
208,0.653625,34.7465,3.34641
209,0.65359,34.8119,3.3465
210,0.653501,34.8772,3.34666
211,0.653339,34.9425,3.34692
212,0.653084,35.0078,3.34728
213,0.652717,35.073,3.34778
214,0.65222,35.1381,3.34842
215,0.651576,35.2032,3.34923
216,0.650768,35.2682,3.35022
217,0.649779,35.3331,3.3514
218,0.648595,35.3979,3.3528
219,0.647204,35.4625,3.35441
220,0.645592,35.5269,3.35625
221,0.643749,35.5912,3.35833
222,0.641667,35.6552,3.36066
223,0.639337,35.719,3.36325
224,0.636754,35.7826,3.36609
225,0.633914,35.8459,3.36919
226,0.630814,35.9088,3.37255
227,0.627455,35.9714,3.37616
228,0.623836,36.0337,3.38004
229,0.619961,36.0955,3.38417
230,0.615835,36.157,3.38854
231,0.611463,36.218,3.39315
232,0.606853,36.2786,3.39799
233,0.602013,36.3387,3.40305
234,0.596954,36.3983,3.40831
235,0.591687,36.4573,3.41378
236,0.586224,36.5158,3.41942
237,0.580578,36.5738,3.42524
238,0.574763,36.6312,3.43121
239,0.568792,36.688,3.43732
240,0.562681,36.7442,3.44356
241,0.556444,36.7998,3.4499
242,0.550096,36.8547,3.45635
243,0.543653,36.9091,3.46287
244,0.537128,36.9627,3.46946
245,0.530538,37.0158,3.47611
246,0.523895,37.0681,3.48279
247,0.517214,37.1198,3.48949
248,0.510508,37.1709,3.49621
249,0.50379,37.2212,3.50293
250,0.497072,37.2709,3.50963
251,0.490366,37.32,3.51632
252,0.483683,37.3684,3.52297
253,0.477033,37.4161,3.52957
254,0.470426,37.4631,3.53613
255,0.46387,37.5096,3.54263
256,0.457373,37.5553,3.54906
257,0.450943,37.6005,3.55541
258,0.444588,37.6449,3.56169
259,0.438312,37.6888,3.56788
260,0.432121,37.7321,3.57398
261,0.426021,37.7747,3.57999
262,0.420015,37.8168,3.58589
263,0.414107,37.8582,3.5917
264,0.4083,37.8991,3.5974
265,0.402597,37.9394,3.603
266,0.397001,37.9792,3.60849
267,0.391513,38.0184,3.61387
268,0.386134,38.057,3.61913
269,0.380866,38.0952,3.62429
270,0.375709,38.1328,3.62934
271,0.370664,38.1699,3.63427
272,0.36573,38.2066,3.63909
273,0.360908,38.2427,3.6438
274,0.356197,38.2784,3.6484
275,0.351597,38.3136,3.65289
276,0.347106,38.3484,3.65727
277,0.342725,38.3827,3.66155
278,0.338451,38.4166,3.66572
279,0.334284,38.4501,3.66978
280,0.330222,38.4832,3.67374
281,0.326264,38.5158,3.67759
282,0.322408,38.5481,3.68135
283,0.318653,38.58,3.685
284,0.314997,38.6116,3.68856
285,0.311439,38.6428,3.69202
286,0.307976,38.6736,3.69539
287,0.304607,38.7041,3.69867
288,0.30133,38.7343,3.70186
289,0.298143,38.7642,3.70495
290,0.295045,38.7937,3.70797
291,0.292034,38.823,3.71089
292,0.289107,38.8519,3.71374
293,0.286264,38.8806,3.7165
294,0.283502,38.909,3.71918
295,0.280819,38.9371,3.72179
296,0.278214,38.965,3.72431
297,0.275686,38.9926,3.72677
298,0.273231,39.0199,3.72915
299,0.270849,39.047,3.73146
300,0.268538,39.0739,3.7337
301,0.266297,39.1006,3.73588
302,0.264123,39.127,3.73798
303,0.262016,39.1533,3.74003
304,0.259972,39.1793,3.74201
305,0.257993,39.2051,3.74393
306,0.256074,39.2308,3.74578
307,0.254216,39.2562,3.74758
308,0.252416,39.2815,3.74933
309,0.250674,39.3066,3.75101
310,0.248987,39.3315,3.75264
311,0.247355,39.3563,3.75422
312,0.245777,39.3809,3.75575
313,0.244251,39.4053,3.75723
314,0.242775,39.4296,3.75865
315,0.241349,39.4538,3.76003
316,0.239971,39.4778,3.76136
317,0.23864,39.5017,3.76264
318,0.237356,39.5255,3.76388
319,0.236116,39.5491,3.76508
320,0.234921,39.5726,3.76623
321,0.233768,39.596,3.76734
322,0.232657,39.6193,3.76841
323,0.231587,39.6425,3.76944
324,0.230557,39.6656,3.77043
325,0.229565,39.6885,3.77139
326,0.228611,39.7114,3.77231
327,0.227695,39.7342,3.77319
328,0.226814,39.7569,3.77403
329,0.225969,39.7795,3.77484
330,0.225157,39.8021,3.77562
331,0.22438,39.8245,3.77637
332,0.223634,39.8469,3.77708
333,0.222921,39.8692,3.77776
334,0.222239,39.8914,3.77841
335,0.221587,39.9136,3.77904
336,0.220964,39.9357,3.77963
337,0.22037,39.9578,3.7802
338,0.219804,39.9798,3.78074
339,0.219265,40.0017,3.78125
340,0.218752,40.0236,3.78174
341,0.218265,40.0454,3.7822
342,0.217803,40.0672,3.78263
343,0.217365,40.089,3.78305
344,0.216951,40.1107,3.78344
345,0.216559,40.1323,3.78381
346,0.21619,40.154,3.78416
347,0.215843,40.1756,3.78448
348,0.215516,40.1971,3.78479
349,0.215209,40.2187,3.78508
350,0.214922,40.2402,3.78535
351,0.214654,40.2616,3.7856
352,0.214405,40.2831,3.78583
353,0.214172,40.3045,3.78604
354,0.213957,40.3259,3.78624
355,0.213758,40.3473,3.78643
356,0.213574,40.3687,3.78659
357,0.213406,40.39,3.78675
358,0.213252,40.4114,3.78689
359,0.213112,40.4327,3.78702
360,0.212984,40.454,3.78713
361,0.21287,40.4753,3.78723
362,0.212767,40.4966,3.78733
363,0.212675,40.5178,3.78741
364,0.212594,40.5391,3.78748
365,0.212522,40.5603,3.78754
366,0.21246,40.5816,3.78759
367,0.212407,40.6028,3.78764
368,0.212362,40.6241,3.78768
369,0.212324,40.6453,3.78771
370,0.212292,40.6666,3.78773
371,0.212267,40.6878,3.78775
372,0.212247,40.709,3.78777
373,0.212232,40.7302,3.78778
374,0.212222,40.7515,3.78779
375,0.212214,40.7727,3.78779
376,0.21221,40.7939,3.78779
377,0.212208,40.8151,3.78779
378,0.212207,40.8363,3.78779
379,0.212207,40.8576,3.78779
380,0.212207,40.8788,3.78779
381,0.212207,40.9,3.78779
382,0.212206,40.9212,3.7878
383,0.212203,40.9425,3.7878
384,0.212198,40.9637,3.78781
385,0.21219,40.9849,3.78782
386,0.212178,41.0061,3.78784
387,0.212162,41.0273,3.78786
388,0.212141,41.0485,3.78789
389,0.212114,41.0697,3.78792
390,0.212081,41.0909,3.78796
391,0.212042,41.1121,3.78801
392,0.211994,41.1333,3.78806
393,0.211939,41.1545,3.78813
394,0.211875,41.1757,3.7882
395,0.211802,41.1969,3.78828
396,0.211718,41.2181,3.78838
397,0.211625,41.2392,3.78848
398,0.21152,41.2604,3.7886
399,0.211403,41.2815,3.78873
400,0.211274,41.3026,3.78887
401,0.211133,41.3237,3.78902
402,0.210978,41.3448,3.78919
403,0.210809,41.3659,3.78937
404,0.210626,41.3869,3.78957
405,0.210428,41.408,3.78979
406,0.210214,41.429,3.79002
407,0.209985,41.45,3.79026
408,0.209739,41.4709,3.79052
409,0.209476,41.4919,3.7908
410,0.209196,41.5128,3.7911
411,0.208899,41.5337,3.79142
412,0.208584,41.5545,3.79175
413,0.20825,41.5753,3.7921
414,0.207897,41.5961,3.79247
415,0.207526,41.6169,3.79287
416,0.207135,41.6376,3.79328
417,0.206724,41.6582,3.79371
418,0.206294,41.6789,3.79416
419,0.205843,41.6994,3.79463
420,0.205372,41.72,3.79512
421,0.20488,41.7404,3.79563
422,0.204367,41.7609,3.79617
423,0.203834,41.7812,3.79672
424,0.203279,41.8015,3.7973
425,0.202703,41.8218,3.79789
426,0.202107,41.842,3.79851
427,0.201488,41.8621,3.79915
428,0.200849,41.8822,3.79981
429,0.200188,41.9022,3.80049
430,0.199506,41.9222,3.8012
431,0.198802,41.942,3.80192
432,0.198077,41.9618,3.80267
433,0.197331,41.9816,3.80344
434,0.196564,42.0012,3.80422
435,0.195777,42.0208,3.80503
436,0.194968,42.0403,3.80586
437,0.194139,42.0597,3.80671
438,0.19329,42.079,3.80758
439,0.19242,42.0982,3.80847
440,0.191531,42.1174,3.80938
441,0.190623,42.1364,3.81031
442,0.189694,42.1554,3.81125
443,0.188747,42.1742,3.81222
444,0.187782,42.193,3.8132
445,0.186797,42.2117,3.8142
446,0.185795,42.2302,3.81522
447,0.184776,42.2487,3.81626
448,0.183739,42.2671,3.81731
449,0.182686,42.2853,3.81838
450,0.181616,42.3035,3.81947
451,0.18053,42.3215,3.82057
452,0.179429,42.3395,3.82169
453,0.178312,42.3573,3.82282
454,0.177181,42.375,3.82396
455,0.176037,42.3926,3.82512
456,0.174878,42.4101,3.82629
457,0.173707,42.4274,3.82748
458,0.172523,42.4447,3.82867
459,0.171327,42.4618,3.82988
460,0.170119,42.4788,3.8311
461,0.1689,42.4957,3.83233
462,0.167671,42.5125,3.83357
463,0.166432,42.5291,3.83482
464,0.165184,42.5456,3.83607
465,0.163926,42.562,3.83734
466,0.16266,42.5783,3.83861
467,0.161386,42.5944,3.83989
468,0.160105,42.6104,3.84118
469,0.158817,42.6263,3.84248
470,0.157523,42.642,3.84378
471,0.156223,42.6577,3.84508
472,0.154918,42.6732,3.84639
473,0.153608,42.6885,3.84771
474,0.152293,42.7037,3.84902
475,0.150975,42.7188,3.85035
476,0.149654,42.7338,3.85167
477,0.14833,42.7486,3.853
478,0.147004,42.7633,3.85432
479,0.145675,42.7779,3.85565
480,0.144346,42.7923,3.85698
481,0.143015,42.8066,3.85832
482,0.141685,42.8208,3.85965
483,0.140353,42.8348,3.86098
484,0.139023,42.8487,3.86231
485,0.137693,42.8625,3.86364
486,0.136365,42.8761,3.86496
487,0.135038,42.8896,3.86629
488,0.133713,42.903,3.86761
489,0.13239,42.9163,3.86893
490,0.131071,42.9294,3.87025
491,0.129754,42.9423,3.87156
492,0.128441,42.9552,3.87287
493,0.127132,42.9679,3.87417
494,0.125827,42.9805,3.87547
495,0.124526,42.9929,3.87677
496,0.12323,43.0053,3.87806
497,0.121939,43.0175,3.87935
498,0.120654,43.0295,3.88063
499,0.119374,43.0415,3.8819
500,0.118099,43.0533,3.88317
501,0.116832,43.065,3.88443
502,0.11557,43.0765,3.88568
503,0.114315,43.088,3.88693
504,0.113067,43.0993,3.88817
505,0.111826,43.1105,3.88941
506,0.110592,43.1215,3.89063
507,0.109366,43.1325,3.89185
508,0.108147,43.1433,3.89306
509,0.106936,43.154,3.89427
510,0.105733,43.1646,3.89546
511,0.104538,43.175,3.89665
512,0.103351,43.1854,3.89783
513,0.102173,43.1956,3.899
514,0.101003,43.2057,3.90016
515,0.0998421,43.2157,3.90131
516,0.0986898,43.2255,3.90245
517,0.0975463,43.2353,3.90359
518,0.0964119,43.245,3.90471
519,0.0952864,43.2545,3.90583
520,0.0941701,43.2639,3.90694
521,0.0930631,43.2732,3.90803
522,0.0919654,43.2824,3.90912
523,0.0908771,43.2915,3.9102
524,0.0897982,43.3005,3.91127
525,0.0887287,43.3094,3.91233
526,0.0876687,43.3181,3.91338
527,0.0866182,43.3268,3.91442
528,0.0855775,43.3354,3.91545
529,0.0845461,43.3438,3.91648
530,0.0835247,43.3522,3.91749
531,0.0825126,43.3604,3.91849
532,0.0815103,43.3686,3.91948
533,0.0805178,43.3767,3.92046
534,0.079535,43.3846,3.92144
535,0.0785618,43.3925,3.9224
536,0.0775981,43.4002,3.92336
537,0.0766442,43.4079,3.9243
538,0.0757,43.4155,3.92523
539,0.0747654,43.423,3.92616
540,0.0738404,43.4304,3.92707
541,0.0729251,43.4377,3.92798
542,0.0720191,43.4449,3.92888
543,0.0711229,43.452,3.92976
544,0.070236,43.459,3.93064
545,0.0693588,43.4659,3.93151
546,0.0684907,43.4728,3.93237
547,0.0676324,43.4796,3.93322
548,0.0667832,43.4863,3.93406
549,0.0659432,43.4928,3.93489
550,0.0651126,43.4994,3.93571
551,0.0642912,43.5058,3.93652
552,0.0634789,43.5122,3.93732
553,0.0626757,43.5184,3.93812
554,0.0618818,43.5246,3.9389
555,0.0610964,43.5307,3.93968
556,0.0603204,43.5368,3.94045
557,0.0595529,43.5427,3.94121
558,0.0587943,43.5486,3.94196
559,0.0580447,43.5544,3.9427
560,0.0573034,43.5602,3.94343
561,0.0565708,43.5658,3.94415
562,0.0558469,43.5714,3.94487
563,0.0551314,43.5769,3.94558
564,0.0544243,43.5824,3.94627
565,0.0537255,43.5877,3.94696
566,0.053035,43.5931,3.94765
567,0.0523529,43.5983,3.94832
568,0.0516787,43.6035,3.94899
569,0.0510125,43.6086,3.94965
570,0.0503545,43.6136,3.9503
571,0.0497043,43.6186,3.95094
572,0.049062,43.6235,3.95157
573,0.0484276,43.6283,3.9522
574,0.0478008,43.6331,3.95282
575,0.0471814,43.6378,3.95343
576,0.0465698,43.6425,3.95403
577,0.0459657,43.6471,3.95463
578,0.0453689,43.6516,3.95522
579,0.0447795,43.6561,3.9558
580,0.0441973,43.6606,3.95638
581,0.0436223,43.6649,3.95695
582,0.0430546,43.6692,3.95751
583,0.0424936,43.6735,3.95806
584,0.0419397,43.6777,3.95861
585,0.0413928,43.6818,3.95915
586,0.0408528,43.6859,3.95968
587,0.0403194,43.6899,3.96021
588,0.0397928,43.6939,3.96073
589,0.0392725,43.6979,3.96124
590,0.0387592,43.7017,3.96175
591,0.0382521,43.7056,3.96225
592,0.0377514,43.7093,3.96274
593,0.037257,43.7131,3.96323
594,0.0367689,43.7168,3.96371
595,0.0362871,43.7204,3.96419
596,0.0358112,43.724,3.96466
597,0.0353413,43.7275,3.96512
598,0.0348775,43.731,3.96558
599,0.0344198,43.7344,3.96603
600,0.0339677,43.7378,3.96648
601,0.0335214,43.7412,3.96692
602,0.0330808,43.7445,3.96735
603,0.0326459,43.7478,3.96778
604,0.0322165,43.751,3.96821
605,0.0317926,43.7542,3.96863
606,0.0313742,43.7573,3.96904
607,0.0309613,43.7604,3.96945
608,0.0305536,43.7635,3.96985
609,0.0301511,43.7665,3.97025
610,0.0297539,43.7695,3.97064
611,0.0293617,43.7724,3.97103
612,0.0289748,43.7753,3.97141
613,0.0285926,43.7782,3.97178
614,0.0282154,43.781,3.97216
615,0.0278432,43.7838,3.97252
616,0.0274758,43.7865,3.97289
617,0.0271132,43.7892,3.97324
618,0.0267553,43.7919,3.9736
619,0.026402,43.7946,3.97395
620,0.0260532,43.7972,3.97429
621,0.0257092,43.7997,3.97463
622,0.0253694,43.8023,3.97497
623,0.0250342,43.8048,3.9753
624,0.0247033,43.8073,3.97562
625,0.0243766,43.8097,3.97595
626,0.0240545,43.8121,3.97626
627,0.0237362,43.8145,3.97658
628,0.0234222,43.8168,3.97689
629,0.0231125,43.8191,3.97719
630,0.0228066,43.8214,3.97749
631,0.022505,43.8237,3.97779
632,0.022207,43.8259,3.97809
633,0.0219133,43.8281,3.97838
634,0.0216231,43.8303,3.97866
635,0.0213368,43.8324,3.97895
636,0.0210543,43.8345,3.97922
637,0.0207756,43.8366,3.9795
638,0.0205002,43.8386,3.97977
639,0.0202286,43.8407,3.98004
640,0.0199609,43.8427,3.9803
641,0.0196962,43.8446,3.98056
642,0.0194354,43.8466,3.98082
643,0.0191777,43.8485,3.98108
644,0.0189235,43.8504,3.98133
645,0.0186727,43.8523,3.98157
646,0.0184252,43.8541,3.98182
647,0.0181811,43.8559,3.98206
648,0.01794,43.8577,3.9823
649,0.0177021,43.8595,3.98253
650,0.0174675,43.8612,3.98276
651,0.0172358,43.863,3.98299
652,0.0170071,43.8647,3.98322
653,0.0167816,43.8663,3.98344
654,0.0165591,43.868,3.98366
655,0.0163393,43.8696,3.98388
656,0.0161226,43.8713,3.98409
657,0.0159087,43.8728,3.9843
658,0.0156977,43.8744,3.98451
659,0.0154893,43.876,3.98472
660,0.0152838,43.8775,3.98492
661,0.0150812,43.879,3.98512
662,0.0148809,43.8805,3.98532
663,0.0146835,43.882,3.98551
664,0.0144887,43.8834,3.9857
665,0.0142963,43.8848,3.98589
666,0.0141065,43.8863,3.98608
667,0.0139194,43.8877,3.98627
668,0.0137346,43.889,3.98645
669,0.0135522,43.8904,3.98663
670,0.0133724,43.8917,3.98681
671,0.0131948,43.893,3.98698
672,0.0130196,43.8943,3.98715
673,0.0128467,43.8956,3.98732
674,0.0126762,43.8969,3.98749
675,0.0125079,43.8982,3.98766
676,0.0123417,43.8994,3.98782
677,0.0121779,43.9006,3.98798
678,0.0120163,43.9018,3.98814
679,0.0118568,43.903,3.9883
680,0.0116992,43.9042,3.98846
681,0.011544,43.9053,3.98861
682,0.0113907,43.9065,3.98876
683,0.0112393,43.9076,3.98891
684,0.01109,43.9087,3.98906
685,0.0109427,43.9098,3.9892
686,0.0107975,43.9109,3.98935
687,0.010654,43.9119,3.98949
688,0.0105126,43.913,3.98963
689,0.0103729,43.914,3.98976
690,0.0102351,43.9151,3.9899
691,0.0100992,43.9161,3.99004
692,0.00996494,43.9171,3.99017
693,0.00983262,43.918,3.9903
694,0.00970221,43.919,3.99043
695,0.00957322,43.92,3.99055
696,0.00944614,43.9209,3.99068
697,0.0093205,43.9219,3.9908
698,0.00919676,43.9228,3.99093
699,0.00907469,43.9237,3.99105
700,0.00895405,43.9246,3.99116
701,0.00883508,43.9255,3.99128
702,0.00871778,43.9263,3.9914
703,0.0086019,43.9272,3.99151
704,0.0084877,43.928,3.99163
705,0.00837493,43.9289,3.99174
706,0.00826359,43.9297,3.99185
707,0.00815392,43.9305,3.99195
708,0.00804567,43.9313,3.99206
709,0.00793862,43.9321,3.99217
710,0.00783324,43.9329,3.99227
711,0.00772905,43.9337,3.99237
712,0.00762653,43.9344,3.99247
713,0.00752521,43.9352,3.99257
714,0.00742507,43.9359,3.99267
715,0.0073266,43.9367,3.99277
716,0.00722933,43.9374,3.99287
717,0.00713325,43.9381,3.99296
718,0.00703835,43.9388,3.99306
719,0.00694489,43.9395,3.99315
720,0.00685263,43.9402,3.99324
721,0.00676155,43.9409,3.99333
722,0.00667167,43.9415,3.99342
723,0.00658321,43.9422,3.9935
724,0.00649571,43.9429,3.99359
725,0.00640941,43.9435,3.99368
726,0.00632429,43.9441,3.99376
727,0.00624013,43.9448,3.99384
728,0.00615716,43.9454,3.99392
729,0.00607538,43.946,3.99401
730,0.0059948,43.9466,3.99408
731,0.00591516,43.9472,3.99416
732,0.00583649,43.9478,3.99424
733,0.005759,43.9483,3.99432
734,0.00568247,43.9489,3.99439
735,0.00560689,43.9495,3.99447
736,0.0055325,43.95,3.99454
737,0.00545907,43.9506,3.99461
738,0.00538635,43.9511,3.99469
739,0.00531483,43.9516,3.99476
740,0.00524426,43.9522,3.99483
741,0.00517464,43.9527,3.99489
742,0.00510573,43.9532,3.99496
743,0.00503802,43.9537,3.99503
744,0.00497103,43.9542,3.9951
745,0.00490499,43.9547,3.99516
746,0.0048399,43.9552,3.99522
747,0.00477552,43.9556,3.99529
748,0.0047121,43.9561,3.99535
749,0.00464964,43.9566,3.99541
750,0.00458765,43.957,3.99547
751,0.00452685,43.9575,3.99553
752,0.00446677,43.9579,3.99559
753,0.00440741,43.9584,3.99565
754,0.00434875,43.9588,3.99571
755,0.00429106,43.9592,3.99577
756,0.00423408,43.9597,3.99582
757,0.00417781,43.9601,3.99588
758,0.00412226,43.9605,3.99593
759,0.00406742,43.9609,3.99599
760,0.00401354,43.9613,3.99604
761,0.00396013,43.9617,3.99609
762,0.00390744,43.9621,3.99614
763,0.00385571,43.9625,3.9962
764,0.00380445,43.9629,3.99625
765,0.0037539,43.9632,3.9963
766,0.00370407,43.9636,3.99635
767,0.00365472,43.964,3.99639
768,0.00360632,43.9643,3.99644
769,0.0035584,43.9647,3.99649
770,0.00351095,43.965,3.99654
771,0.00346446,43.9654,3.99658
772,0.00341845,43.9657,3.99663
773,0.00337291,43.9661,3.99667
774,0.00332808,43.9664,3.99672
775,0.00328398,43.9667,3.99676
776,0.00324035,43.9671,3.9968
777,0.00319719,43.9674,3.99685
778,0.00315475,43.9677,3.99689
779,0.00311303,43.968,3.99693
780,0.00307155,43.9683,3.99697
781,0.00303078,43.9686,3.99701
782,0.00299048,43.9689,3.99705
783,0.00295067,43.9692,3.99709
784,0.00291157,43.9695,3.99713
785,0.00287294,43.9698,3.99717
786,0.0028348,43.9701,3.9972
787,0.00279713,43.9703,3.99724
788,0.00275993,43.9706,3.99728
789,0.00272322,43.9709,3.99731
790,0.00268698,43.9712,3.99735
791,0.00265145,43.9714,3.99738
792,0.00261617,43.9717,3.99742
793,0.00258136,43.972,3.99745
794,0.00254703,43.9722,3.99749
795,0.00251341,43.9725,3.99752
796,0.00247979,43.9727,3.99755
797,0.00244689,43.973,3.99759
798,0.00241446,43.9732,3.99762
799,0.00238252,43.9734,3.99765
800,0.00235081,43.9737,3.99768
801,0.00231957,43.9739,3.99771
802,0.00228882,43.9741,3.99774
803,0.0022583,43.9744,3.99777
804,0.00222826,43.9746,3.9978
805,0.0021987,43.9748,3.99783
806,0.00216961,43.975,3.99786
807,0.00214076,43.9752,3.99789
808,0.00211215,43.9754,3.99792
809,0.00208426,43.9756,3.99794
810,0.0020566,43.9759,3.99797
811,0.00202918,43.9761,3.998
812,0.00200224,43.9763,3.99802
813,0.00197577,43.9765,3.99805
814,0.00194931,43.9767,3.99808
815,0.00192356,43.9768,3.9981
816,0.00189805,43.977,3.99813
817,0.00187278,43.9772,3.99815
818,0.00184798,43.9774,3.99818
819,0.00182343,43.9776,3.9982
820,0.00179911,43.9778,3.99822
821,0.00177526,43.9779,3.99825
822,0.00175166,43.9781,3.99827
823,0.0017283,43.9783,3.99829
824,0.00170541,43.9785,3.99832
825,0.00168276,43.9786,3.99834
826,0.00166035,43.9788,3.99836
827,0.00163841,43.979,3.99838
828,0.00161672,43.9791,3.9984
829,0.00159502,43.9793,3.99843
830,0.00157404,43.9794,3.99845
831,0.00155306,43.9796,3.99847
832,0.00153232,43.9798,3.99849
833,0.00151205,43.9799,3.99851
834,0.00149202,43.9801,3.99853
835,0.00147223,43.9802,3.99855
836,0.00145268,43.9803,3.99857
837,0.00143337,43.9805,3.99859
838,0.0014143,43.9806,3.9986
839,0.00139546,43.9808,3.99862
840,0.00137687,43.9809,3.99864
841,0.00135875,43.981,3.99866
842,0.00134063,43.9812,3.99868
843,0.00132275,43.9813,3.99869
844,0.00130534,43.9814,3.99871
845,0.00128794,43.9816,3.99873
846,0.00127077,43.9817,3.99875
847,0.00125384,43.9818,3.99876
848,0.00123739,43.9819,3.99878
849,0.00122094,43.9821,3.9988
850,0.00120473,43.9822,3.99881
851,0.00118852,43.9823,3.99883
852,0.00117278,43.9824,3.99884
853,0.00115728,43.9825,3.99886
854,0.00114179,43.9827,3.99887
855,0.00112677,43.9828,3.99889
856,0.00111175,43.9829,3.9989
857,0.00109696,43.983,3.99892
858,0.00108242,43.9831,3.99893
859,0.00106812,43.9832,3.99895
860,0.00105381,43.9833,3.99896
861,0.00103998,43.9834,3.99897
862,0.00102615,43.9835,3.99899
863,0.00101233,43.9836,3.999
864,0.000998974,43.9837,3.99901
865,0.000985861,43.9838,3.99903
866,0.000972748,43.9839,3.99904
867,0.000959635,43.984,3.99905
868,0.000946999,43.9841,3.99907
869,0.000934362,43.9842,3.99908
870,0.000921965,43.9843,3.99909
871,0.000909805,43.9844,3.9991
872,0.000897646,43.9845,3.99911
873,0.000885725,43.9846,3.99913
874,0.000874043,43.9846,3.99914
875,0.00086236,43.9847,3.99915
876,0.000850916,43.9848,3.99916
877,0.00083971,43.9849,3.99917
878,0.000828505,43.985,3.99918
879,0.000817537,43.9851,3.99919
880,0.00080657,43.9851,3.9992
881,0.000795841,43.9852,3.99921
882,0.000785351,43.9853,3.99923
883,0.00077486,43.9854,3.99924
884,0.000764608,43.9855,3.99925
885,0.000754356,43.9855,3.99926
886,0.000744343,43.9856,3.99927
887,0.000734568,43.9857,3.99928
888,0.000724792,43.9858,3.99928
889,0.000715256,43.9858,3.99929
890,0.000705719,43.9859,3.9993
891,0.000696421,43.986,3.99931
892,0.000687122,43.986,3.99932
893,0.000677824,43.9861,3.99933
894,0.000669003,43.9862,3.99934
895,0.000659943,43.9862,3.99935
896,0.00065136,43.9863,3.99936
897,0.000642538,43.9864,3.99937
898,0.000634193,43.9864,3.99937
899,0.00062561,43.9865,3.99938
900,0.000617266,43.9866,3.99939
901,0.000609159,43.9866,3.9994
902,0.000601053,43.9867,3.99941
903,0.000593185,43.9867,3.99941
904,0.000585318,43.9868,3.99942
905,0.00057745,43.9869,3.99943
906,0.00056982,43.9869,3.99944
907,0.000562191,43.987,3.99945
908,0.0005548,43.987,3.99945
909,0.000547409,43.9871,3.99946
910,0.000540018,43.9871,3.99947
911,0.000532866,43.9872,3.99947
912,0.000525951,43.9872,3.99948
913,0.000518799,43.9873,3.99949
914,0.000511885,43.9873,3.99949
915,0.000505209,43.9874,3.9995
916,0.000498533,43.9874,3.99951
917,0.000491858,43.9875,3.99951
918,0.00048542,43.9875,3.99952
919,0.000478983,43.9876,3.99953
920,0.000472546,43.9876,3.99953
921,0.000466347,43.9877,3.99954
922,0.000460148,43.9877,3.99955
923,0.000453949,43.9878,3.99955
924,0.000447989,43.9878,3.99956
925,0.000442028,43.9879,3.99956
926,0.000436068,43.9879,3.99957
927,0.000430346,43.9879,3.99958
928,0.000424623,43.988,3.99958
929,0.000418901,43.988,3.99959
930,0.000413418,43.9881,3.99959
931,0.000407934,43.9881,3.9996
932,0.000402451,43.9882,3.9996
933,0.000397205,43.9882,3.99961
934,0.00039196,43.9882,3.99961
935,0.000386715,43.9883,3.99962
936,0.00038147,43.9883,3.99962
937,0.000376463,43.9883,3.99963
938,0.000371456,43.9884,3.99963
939,0.000366449,43.9884,3.99964
940,0.000361681,43.9885,3.99964
941,0.000356913,43.9885,3.99965
942,0.000352144,43.9885,3.99965
943,0.000347376,43.9886,3.99966
944,0.000342846,43.9886,3.99966
945,0.000338316,43.9886,3.99967
946,0.000333786,43.9887,3.99967
947,0.000329256,43.9887,3.99968
948,0.000324965,43.9887,3.99968
949,0.000320673,43.9888,3.99968
950,0.000316381,43.9888,3.99969
951,0.00031209,43.9888,3.99969
952,0.000308037,43.9889,3.9997
953,0.000303984,43.9889,3.9997
954,0.000299931,43.9889,3.9997
955,0.000295877,43.9889,3.99971
956,0.000292063,43.989,3.99971
957,0.000288248,43.989,3.99972
958,0.000284195,43.989,3.99972
959,0.000280619,43.9891,3.99972
960,0.000276804,43.9891,3.99973
961,0.000273228,43.9891,3.99973
962,0.000269413,43.9891,3.99973
963,0.000265837,43.9892,3.99974
964,0.000262499,43.9892,3.99974
965,0.000258923,43.9892,3.99974
966,0.000255346,43.9892,3.99975
967,0.000252008,43.9893,3.99975
968,0.000248671,43.9893,3.99975
969,0.000245333,43.9893,3.99976
970,0.000242233,43.9893,3.99976
971,0.000238895,43.9894,3.99976
972,0.000235796,43.9894,3.99977
973,0.000232697,43.9894,3.99977
974,0.000229597,43.9894,3.99977
975,0.000226498,43.9895,3.99978
976,0.000223398,43.9895,3.99978
977,0.000220537,43.9895,3.99978
978,0.000217676,43.9895,3.99979
979,0.000214577,43.9896,3.99979
980,0.000211954,43.9896,3.99979
981,0.000209093,43.9896,3.99979
982,0.000206232,43.9896,3.9998
983,0.000203609,43.9896,3.9998
984,0.000200748,43.9897,3.9998
985,0.000198126,43.9897,3.9998
986,0.000195503,43.9897,3.99981
987,0.000192881,43.9897,3.99981
988,0.000190258,43.9897,3.99981
989,0.000187874,43.9898,3.99981
990,0.000185251,43.9898,3.99982
991,0.000182867,43.9898,3.99982
992,0.000180483,43.9898,3.99982
993,0.000178099,43.9898,3.99982
994,0.000175714,43.9898,3.99983
995,0.00017333,43.9899,3.99983
996,0.000171185,43.9899,3.99983
997,0.0001688,43.9899,3.99983
998,0.000166655,43.9899,3.99984
999,0.00016427,43.9899,3.99984





